frase,label,prefijo,raiz,sufijo,apostrofe,persona,error
naa guuta,1,naa,guuta,ZERO,0,1sg,correto
lii guuta'lu,1,lii,guuta,lu,1,2sg,correto
laabe guuta'be,1,laabe,guuta,be,1,3sg,correto
laanu guuta'nu,1,laanu,guuta,nu,1,1pl_incl,correto
laadu guuta'du,1,laadu,guuta,du,1,1pl_exc,correto
laatu guuta'tu,1,laatu,guuta,tu,1,2pl,correto
naa gunaxhia,1,naa,gunaxhia,ZERO,0,1sg,correto
lii gunaxhii'lu,1,lii,gunaxhii,lu,1,2sg,correto
laabe gunaxhii'be,1,laabe,gunaxhii,be,1,3sg,correto
laanu gunaxhii'nu,1,laanu,gunaxhii,nu,1,1pl_incl,correto
laadu gunaxhii'du,1,laadu,gunaxhii,du,1,1pl_exc,correto
laatu gunaxhii'tu,1,laatu,gunaxhii,tu,1,2pl,correto
naa biziide,1,naa,biziide,ZERO,0,1sg,correto
lii biziidi'lu,1,lii,biziidi,lu,1,2sg,correto
laabe biziidi'be,1,laabe,biziidi,be,1,3sg,correto
laanu biziidi'nu,1,laanu,biziidi,nu,1,1pl_incl,correto
laadu biziidi'du,1,laadu,biziidi,du,1,1pl_exc,correto
laatu biziidi'tu,1,laatu,biziidi,tu,1,2pl,correto
naa guuze,1,naa,guuze,ZERO,0,1sg,correto
lii guuze'lu,1,lii,guuze,lu,1,2sg,correto
laabe guuze'be,1,laabe,guuze,be,1,3sg,correto
laanu guuze'nu,1,laanu,guuze,nu,1,1pl_incl,correto
laadu guuze'du,1,laadu,guuze,du,1,1pl_exc,correto
laatu guuze'tu,1,laatu,guuze,tu,1,2pl,correto
naa biinda,1,naa,biinda,ZERO,0,1sg,correto
lii biinda'lu,1,lii,biinda,lu,1,2sg,correto
laabe biinda'be,1,laabe,biinda,be,1,3sg,correto
laanu biinda'nu,1,laanu,biinda,nu,1,1pl_incl,correto
laadu biinda'du,1,laadu,biinda,du,1,1pl_exc,correto
laatu biinda'tu,1,laatu,biinda,tu,1,2pl,correto
naa guzi├í,1,naa,guzi├í,ZERO,0,1sg,correto
lii guzi'lu,1,lii,guzi,lu,1,2sg,correto
laabe guzi'be,1,laabe,guzi,be,1,3sg,correto
laanu guzi'nu,1,laanu,guzi,nu,1,1pl_incl,correto
laadu guzi'du,1,laadu,guzi,du,1,1pl_exc,correto
laatu guzi'tu,1,laatu,guzi,tu,1,2pl,correto
naa binebi├í,1,naa,binebi├í,ZERO,0,1sg,correto
lii binibi├í'lu,1,lii,binibi├í,lu,1,2sg,correto
laabe binibia'be,1,laabe,binibia,be,1,3sg,correto
laanu binibi├í'nu,1,laanu,binibi├í,nu,1,1pl_incl,correto
laadu binibi├í'du,1,laadu,binibi├í,du,1,1pl_exc,correto
laatu binibi├í'tu,1,laatu,binibi├í,tu,1,2pl,correto
naa bixo├▒e,1,naa,bixo├▒e,ZERO,0,1sg,correto
lii bixo├▒e'lu,1,lii,bixo├▒e,lu,1,2sg,correto
laabe bixo├▒e'be,1,laabe,bixo├▒e,be,1,3sg,correto
laanu bixo├▒e'nu,1,laanu,bixo├▒e,nu,1,1pl_incl,correto
laadu bixo├▒e'du,1,laadu,bixo├▒e,du,1,1pl_exc,correto
laatu bixo├▒e'tu,1,laatu,bixo├▒e,tu,1,2pl,correto
naa bigaya,1,naa,bigaya,ZERO,0,1sg,correto
lii biga'lu,1,lii,biga,lu,1,2sg,correto
laabe biga'be,1,laabe,biga,be,1,3sg,correto
laanu biga'nu,1,laanu,biga,nu,1,1pl_incl,correto
laadu biga'du,1,laadu,biga,du,1,1pl_exc,correto
laatu biga'tu,1,laatu,biga,tu,1,2pl,correto
naa bidi├í,1,naa,bidi├í,ZERO,0,1sg,correto
lii bidi'lu,1,lii,bidi,lu,1,2sg,correto
laabe bidi'be,1,laabe,bidi,be,1,3sg,correto
laanu bidi'nu,1,laanu,bidi,nu,1,1pl_incl,correto
laadu bidi'du,1,laadu,bidi,du,1,1pl_exc,correto
laatu bidi'tu,1,laatu,bidi,tu,1,2pl,correto
naa gudxe,1,naa,gudxe,ZERO,0,1sg,correto
lii gudxi'lu,1,lii,gudxi,lu,1,2sg,correto
laabe gudxi'be,1,laabe,gudxi,be,1,3sg,correto
laanu gudxi'nu,1,laanu,gudxi,nu,1,1pl_incl,correto
laadu gudxi'du,1,laadu,gudxi,du,1,1pl_exc,correto
laatu gudxi'tu,1,laatu,gudxi,tu,1,2pl,correto
naa bisana,1,naa,bisana,ZERO,0,1sg,correto
lii bisana'lu,1,lii,bisana,lu,1,2sg,correto
laabe bisana'be,1,laabe,bisana,be,1,3sg,correto
laanu bisana'nu,1,laanu,bisana,nu,1,1pl_incl,correto
laadu bisana'du,1,laadu,bisana,du,1,1pl_exc,correto
laatu bisana'tu,1,laatu,bisana,tu,1,2pl,correto
naa guse,1,naa,guse,ZERO,0,1sg,correto
lii gusi'lu,1,lii,gusi,lu,1,2sg,correto
laabe gusi'be,1,laabe,gusi,be,1,3sg,correto
laanu gusi'nu,1,laanu,gusi,nu,1,1pl_incl,correto
laadu gusi'du,1,laadu,gusi,du,1,1pl_exc,correto
laatu gusi'tu,1,laatu,gusi,tu,1,2pl,correto
naa guli├í,1,naa,guli├í,ZERO,0,1sg,correto
lii guli'lu,1,lii,guli,lu,1,2sg,correto
laabe guli'be,1,laabe,guli,be,1,3sg,correto
laanu guli'nu,1,laanu,guli,nu,1,1pl_incl,correto
laadu guli'du,1,laadu,guli,du,1,1pl_exc,correto
laatu guli'tu,1,laatu,guli,tu,1,2pl,correto
naa bizulo├í,1,naa,bizulo├í,ZERO,0,1sg,correto
lii bizulo'lu,1,lii,bizulo,lu,1,2sg,correto
laabe bizul├│'be,1,laabe,bizul├│,be,1,3sg,correto
laanu bizulo'nu,1,laanu,bizulo,nu,1,1pl_incl,correto
laadu bizulo'du,1,laadu,bizulo,du,1,1pl_exc,correto
laatu bizulo'tu,1,laatu,bizulo,tu,1,2pl,correto
naa bidxela,1,naa,bidxeela,ZERO,0,1sg,correto
lii bidxela'lu,1,lii,bidxela,lu,1,2sg,correto
laabe bidxela'be,1,laabe,bidxela,be,1,3sg,correto
laanu bidxela'nu,1,laanu,bidxela,nu,1,1pl_incl,correto
laadu bidxela'du,1,laadu,bidxela,du,1,1pl_exc,correto
laatu bidxela'tu,1,laatu,bidxela,tu,1,2pl,correto
naa guca huaraya,1,naa,guca huaraya,ZERO,0,1sg,correto
lii guca huara'lu,1,lii,guca huara,lu,1,2sg,correto
laabe guca huara'be,1,laabe,guca huara,be,1,3sg,correto
laanu guca huara'nu,1,laanu,guca huara,nu,1,1pl_incl,correto
laadu guca huara'du,1,laadu,guca huara,du,1,1pl_exc,correto
laatu guca huara'tu,1,laatu,guca huara,tu,1,2pl,correto
naa bisiide,1,naa,bisiide,ZERO,0,1sg,correto
lii bissidi'lu,1,lii,bissidi,lu,1,2sg,correto
laabe bissidi'be,1,laabe,bissidi,be,1,3sg,correto
laanu bissidi'nu,1,laanu,bissidi,nu,1,1pl_incl,correto
laadu bissidi'du,1,laadu,bissidi,du,1,1pl_exc,correto
laatu bissidi'tu,1,laatu,bissidi,tu,1,2pl,correto
naa bio├í,1,naa,bio├í,ZERO,0,1sg,correto
lii bioa'lu,1,lii,bioa,lu,1,2sg,correto
laabe bioa'be,1,laabe,bioa,be,1,3sg,correto
laanu bioa'nu,1,laanu,bioa,nu,1,1pl_incl,correto
laadu bioa'du,1,laadu,bioa,du,1,1pl_exc,correto
laatu bioa'tu,1,laatu,bioa,tu,1,2pl,correto
naa bisenda,1,naa,bisenda,ZERO,0,1sg,correto
lii bisenda'lu,1,lii,bisenda,lu,1,2sg,correto
laabe bisenda'be,1,laabe,bisenda,be,1,3sg,correto
laanu bisenda'nu,1,laanu,bisenda,nu,1,1pl_incl,correto
laadu bisenda'du,1,laadu,bisenda,du,1,1pl_exc,correto
laatu bisenda'tu,1,laatu,bisenda,tu,1,2pl,correto
naa bic├ía,1,naa,bic├ía,ZERO,0,1sg,correto
lii bicaa'lu,1,lii,bicaa,lu,1,2sg,correto
laabe bicaa'be,1,laabe,bicaa,be,1,3sg,correto
laanu bicaa'nu,1,laanu,bicaa,nu,1,1pl_incl,correto
laadu bicaa'du,1,laadu,bicaa,du,1,1pl_exc,correto
laatu bicaa'tu,1,laatu,bicaa,tu,1,2pl,correto
naa biina,1,naa,biina,ZERO,0,1sg,correto
lii biina'lu,1,lii,biina,lu,1,2sg,correto
laabe biina'be,1,laabe,biina,be,1,3sg,correto
laanu biina'nu,1,laanu,biina,nu,1,1pl_incl,correto
laadu biina'du,1,laadu,biina,du,1,1pl_exc,correto
laatu biina'tu,1,laatu,biina,tu,1,2pl,correto
naa guleeza,1,naa,guleeza,ZERO,0,1sg,correto
lii guleeza'lu,1,lii,guleeza,lu,1,2sg,correto
laabe guleeza'be,1,laabe,guleeza,be,1,3sg,correto
laanu guleeza'nu,1,laanu,guleeza,nu,1,1pl_incl,correto
laadu guleeza'du,1,laadu,guleeza,du,1,1pl_exc,correto
laatu guleeza'tu,1,laatu,guleeza,tu,1,2pl,correto
naa biziide,1,naa,biziide,ZERO,0,1sg,correto
lii biziidi'lu,1,lii,biziidi,lu,1,2sg,correto
laabe biziidi'be,1,laabe,biziidi,be,1,3sg,correto
laanu biziidi'nu,1,laanu,biziidi,nu,1,1pl_incl,correto
laadu biziidi'du,1,laadu,biziidi,du,1,1pl_exc,correto
laatu biziidi'tu,1,laatu,biziidi,tu,1,2pl,correto
naa guni├í,1,naa,guni├í,ZERO,0,1sg,correto
lii guni'lu,1,lii,guni,lu,1,2sg,correto
laabe guni'be,1,laabe,guni,be,1,3sg,correto
laanu guni'nu,1,laanu,guni,nu,1,1pl_incl,correto
laadu guni'du,1,laadu,guni,du,1,1pl_exc,correto
laatu guni'tu,1,laatu,guni,tu,1,2pl,correto
naa bine,1,naa,bine,ZERO,0,1sg,correto
lii bini'lu,1,lii,bini,lu,1,2sg,correto
laabe bini'be,1,laabe,bini,be,1,3sg,correto
laanu bini'nu,1,laanu,bini,nu,1,1pl_incl,correto
laadu bini'du,1,laadu,bini,du,1,1pl_exc,correto
laatu bini'tu,1,laatu,bini,tu,1,2pl,correto
naa guy├í,1,naa,guy├í,ZERO,0,1sg,correto
lii guye'lu,1,lii,guye,lu,1,2sg,correto
laabe guye'be,1,laabe,guye,be,1,3sg,correto
laanu guye'nu,1,laanu,guye,nu,1,1pl_incl,correto
laadu guye'du,1,laadu,guye,du,1,1pl_exc,correto
laatu guye'tu,1,laatu,guye,tu,1,2pl,correto
naa gudxite,1,naa,gudxite,ZERO,0,1sg,correto
lii gudxite'lu,1,lii,gudxite,lu,1,2sg,correto
laabe gudxite'be,1,laabe,gudxite,be,1,3sg,correto
laanu gudxite'nu,1,laanu,gudxite,nu,1,1pl_incl,correto
laadu gudxite'du,1,laadu,gudxite,du,1,1pl_exc,correto
laatu gudxite'tu,1,laatu,gudxite,tu,1,2pl,correto
naa binda,1,naa,binda,ZERO,0,1sg,correto
lii binda'lu,1,lii,binda,lu,1,2sg,correto
laabe binda'be,1,laabe,binda,be,1,3sg,correto
laanu binda'nu,1,laanu,binda,nu,1,1pl_incl,correto
laadu binda'du,1,laadu,binda,du,1,1pl_exc,correto
laatu binda'tu,1,laatu,binda,tu,1,2pl,correto
naa bisiaya,1,naa,bisiaya,ZERO,0,1sg,correto
lii bisia'lu,1,lii,bisia,lu,1,2sg,correto
laabe bisia'be,1,laabe,bisia,be,1,3sg,correto
laanu bisia'nu,1,laanu,bisia,nu,1,1pl_incl,correto
laadu bisia'du,1,laadu,bisia,du,1,1pl_exc,correto
laatu bisia'tu,1,laatu,bisia,tu,1,2pl,correto
naa yendaaya,1,naa,yendaaya,ZERO,0,1sg,correto
lii yendaa'lu,1,lii,yendaa,lu,1,2sg,correto
laabe yendaa'be,1,laabe,yendaa,be,1,3sg,correto
laanu yendaa'nu,1,laanu,yendaa,nu,1,1pl_incl,correto
laadu yendao'du,1,laadu,yendao,du,1,1pl_exc,correto
laatu yendao'tu,1,laatu,yendao,tu,1,2pl,correto
naa yene├í,1,naa,yene├í,ZERO,0,1sg,correto
lii yene'lu,1,lii,yene,lu,1,2sg,correto
laabe yene'be,1,laabe,yene,be,1,3sg,correto
laanu yune'nu,1,laanu,yune,nu,1,1pl_incl,correto
laadu yune'du,1,laadu,yune,du,1,1pl_exc,correto
laatu yune'tu,1,laatu,yune,tu,1,2pl,correto
naa bisaaya,1,naa,bisaaya,ZERO,0,1sg,correto
lii bisaa'lu,1,lii,bisaa,lu,1,2sg,correto
laabe bisaa'be,1,laabe,bisaa,be,1,3sg,correto
laanu bisaa'nu,1,laanu,bisaa,nu,1,1pl_incl,correto
laadu bisaa'du,1,laadu,bisaa,du,1,1pl_exc,correto
laatu bisaa'tu,1,laatu,bisaa,tu,1,2pl,correto
naa biyadxi├í,1,naa,biyadxi├í,ZERO,0,1sg,correto
lii biyadxi'lu,1,lii,biyadxi,lu,1,2sg,correto
laabe biyadxi'be,1,laabe,biyadxi,be,1,3sg,correto
laanu biyadxi'nu,1,laanu,biyadxi,nu,1,1pl_incl,correto
laadu biyadxi'du,1,laadu,biyadxi,du,1,1pl_exc,correto
laatu biyadxi'tu,1,laatu,biyadxi,tu,1,2pl,correto
naa bixoba,1,naa,bixoba,ZERO,0,1sg,correto
lii bixoba'lu,1,lii,bixoba,lu,1,2sg,correto
laabe bixoba'be,1,laabe,bixoba,be,1,3sg,correto
laanu bixoba'nu,1,laanu,bixoba,nu,1,1pl_incl,correto
laadu bixoba'du,1,laadu,bixoba,du,1,1pl_exc,correto
laatu bixoba'tu,1,laatu,bixoba,tu,1,2pl,correto
naa bisianda,1,naa,bisianda,ZERO,0,1sg,correto
lii bisianda'lu,1,lii,bisianda,lu,1,2sg,correto
laabe bisianda'be,1,laabe,bisianda,be,1,3sg,correto
laanu bisianda'nu,1,laanu,bisianda,nu,1,1pl_incl,correto
laadu bisianda'du,1,laadu,bisianda,du,1,1pl_exc,correto
laatu bisianda'tu,1,laatu,bisianda,tu,1,2pl,correto
naa bisugaa,1,naa,bisugaa,ZERO,0,1sg,correto
lii bisugaa'lu,1,lii,bisugaa,lu,1,2sg,correto
laabe bisugaa'be,1,laabe,bisugaa,be,1,3sg,correto
laanu bisugaa'nu,1,laanu,bisugaa,nu,1,1pl_incl,correto
laadu bisugaa'du,1,laadu,bisugaa,du,1,1pl_exc,correto
laatu bisugaa'tu,1,laatu,bisugaa,tu,1,2pl,correto
naa gudiide,1,naa,gudiide,ZERO,0,1sg,correto
lii gudiidi'lu,1,lii,gudiidi,lu,1,2sg,correto
laabe gudiidi'be,1,laabe,gudiidi,be,1,3sg,correto
laanu gudiidi'nu,1,laanu,gudiidi,nu,1,1pl_incl,correto
laadu gudiidi'du,1,laadu,gudiidi,du,1,1pl_exc,correto
laatu gudiidi'tu,1,laatu,gudiidi,tu,1,2pl,correto
naa gunaba,1,naa,gunaba,ZERO,0,1sg,correto
lii gunaba'lu,1,lii,gunaba,lu,1,2sg,correto
laabe gunaba'be,1,laabe,gunaba,be,1,3sg,correto
laanu gunaba'nu,1,laanu,gunaba,nu,1,1pl_incl,correto
laadu gunaba'du,1,laadu,gunaba,du,1,1pl_exc,correto
laatu gunaba'tu,1,laatu,gunaba,tu,1,2pl,correto
naa bic├í,1,naa,bic├í,ZERO,0,1sg,correto
lii bica'lu,1,lii,bica,lu,1,2sg,correto
laabe bica'be,1,laabe,bica,be,1,3sg,correto
laanu bica'nu,1,laanu,bica,nu,1,1pl_incl,correto
laadu bica'du,1,laadu,bica,du,1,1pl_exc,correto
laatu bica'tu,1,laatu,bica,tu,1,2pl,correto
naa guni ique,1,naa,guni ique,ZERO,0,1sg,correto
lii guni ique'lu,1,lii,guni ique,lu,1,2sg,correto
laabe guni ique'be,1,laabe,guni ique,be,1,3sg,correto
laanu guni ique'nu,1,laanu,guni ique,nu,1,1pl_incl,correto
laadu guni ique'du,1,laadu,guni ique,du,1,1pl_exc,correto
laatu guni ique'tu,1,laatu,guni ique,tu,1,2pl,correto
naa biui diidxa,1,naa,biui diidxa,ZERO,0,1sg,correto
lii biui'lu diidxa,1,lii,biui diidxa,lu,1,2sg,correto
laabe biui'be diidxa,1,laabe,biui diidxa,be,1,3sg,correto
laanu biui'nu diidxa,1,laanu,biui diidxa,nu,1,1pl_incl,correto
laadu biui'du diidxa,1,laadu,biui diidxa,du,1,1pl_exc,correto
laatu biui'tu diidxa,1,laatu,biui diidxa,tu,1,2pl,correto
naa gudxhe,1,naa,gudxhe,ZERO,0,1sg,correto
lii gudxhe'lu,1,lii,gudxhe,lu,1,2sg,correto
laabe gudxhe'be,1,laabe,gudxhe,be,1,3sg,correto
laanu gudxhe'nu,1,laanu,gudxhe,nu,1,1pl_incl,correto
laadu gudxhe'du,1,laadu,gudxhe,du,1,1pl_exc,correto
laatu gudxhe'tu,1,laatu,gudxhe,tu,1,2pl,correto
naa biti├▒e,1,naa,biti├▒e,ZERO,0,1sg,correto
lii biti├▒e'lu,1,lii,biti├▒e,lu,1,2sg,correto
laabe bitine'be,1,laabe,bitine,be,1,3sg,correto
laanu bitine'nu,1,laanu,bitine,nu,1,1pl_incl,correto
laadu bitine'du,1,laadu,bitine,du,1,1pl_exc,correto
laatu bitine'tu,1,laatu,bitine,tu,1,2pl,correto
naa gunna,1,naa,gunna,ZERO,0,1sg,correto
lii gunna'lu,1,lii,gunna,lu,1,2sg,correto
laabe gunna'be,1,laabe,gunna,be,1,3sg,correto
laanu gunna'nu,1,laanu,gunna,nu,1,1pl_incl,correto
laadu gunna'du,1,laadu,gunna,du,1,1pl_exc,correto
laatu gunna'tu,1,laatu,gunna,tu,1,2pl,correto
naa bire├í,1,naa,bire├í,ZERO,0,1sg,correto
lii bire'lu,1,lii,bire,lu,1,2sg,correto
laabe bire'be,1,laabe,bire,be,1,3sg,correto
laanu bire'nu,1,laanu,bire,nu,1,1pl_incl,correto
laadu bire'du,1,laadu,bire,du,1,1pl_exc,correto
laatu bire'tu,1,laatu,bire,tu,1,2pl,correto
naa bisianda,1,naa,bisianda,ZERO,0,1sg,correto
lii bisianda'lu,1,lii,bisianda,lu,1,2sg,correto
laabe bisianda'be,1,laabe,bisianda,be,1,3sg,correto
laanu bisianda'nu,1,laanu,bisianda,nu,1,1pl_incl,correto
laadu bisianda'du,1,laadu,bisianda,du,1,1pl_exc,correto
laatu bisianda'tu,1,laatu,bisianda,tu,1,2pl,correto
naa guy├í,1,naa,guy├í,ZERO,0,1sg,correto
lii guye'lu,1,lii,guye,lu,1,2sg,correto
laabe guye'be,1,laabe,guye,be,1,3sg,correto
laanu guye'nu,1,laanu,guye,nu,1,1pl_incl,correto
laadu guye'du,1,laadu,guye,du,1,1pl_exc,correto
laatu guye'tu,1,laatu,guye,tu,1,2pl,correto
naa gudxiba,1,naa,gudxiba,ZERO,0,1sg,correto
lii gudxiba'lu,1,lii,gudxiba,lu,1,2sg,correto
laabe gudxiba'be,1,laabe,gudxiba,be,1,3sg,correto
laanu gudxiba'nu,1,laanu,gudxiba,nu,1,1pl_incl,correto
laadu gudxiba'du,1,laadu,gudxiba,du,1,1pl_exc,correto
laatu gudxiba'tu,1,laatu,gudxiba,tu,1,2pl,correto
naa gupa,1,naa,gupa,ZERO,0,1sg,correto
lii gupa'lu,1,lii,gupa,lu,1,2sg,correto
laabe gupa'be,1,laabe,gupa,be,1,3sg,correto
laanu gupa'nu,1,laanu,gupa,nu,1,1pl_incl,correto
laadu gupa'du,1,laadu,gupa,du,1,1pl_exc,correto
laatu gupa'tu,1,laatu,gupa,tu,1,2pl,correto
naa hue├í,1,naa,hue├í,ZERO,0,1sg,correto
lii hue'lu,1,lii,hue,lu,1,2sg,correto
laabe hue'be,1,laabe,hue,be,1,3sg,correto
laanu hue'nu,1,laanu,hue,nu,1,1pl_incl,correto
laadu hue'du,1,laadu,hue,du,1,1pl_exc,correto
laatu hue'tu,1,laatu,hue,tu,1,2pl,correto
naa bine dxii├▒a,1,naa,bine dxii├▒a,ZERO,0,1sg,correto
lii bini dxii├▒a'lu,1,lii,bini dxii├▒a,lu,1,2sg,correto
laabe bini dxii├▒a'be,1,laabe,bini dxii├▒a,be,1,3sg,correto
laanu bini dxii├▒a'nu,1,laanu,bini dxii├▒a,nu,1,1pl_incl,correto
laadu bini dxii├▒a'du,1,laadu,bini dxii├▒a,du,1,1pl_exc,correto
laatu bini dxii├▒a'tu,1,laatu,bini dxii├▒a,tu,1,2pl,correto
naa bedane├í,1,naa,bedane├í,ZERO,0,1sg,correto
lii bendane'lu,1,lii,bendane,lu,1,2sg,correto
laabe bendane'be,1,laabe,bendane,be,1,3sg,correto
laanu bendane'nu,1,laanu,bendane,nu,1,1pl_incl,correto
laadu bendane'du,1,laadu,bendane,du,1,1pl_exc,correto
laatu bendane'tu,1,laatu,bendane,tu,1,2pl,correto
naa biqui├▒e,1,naa,biqui├▒e,ZERO,0,1sg,correto
lii biquine'lu,1,lii,biquine,lu,1,2sg,correto
laabe biquine'be,1,laabe,biquine,be,1,3sg,correto
laanu biquine'nu,1,laanu,biquine,nu,1,1pl_incl,correto
laadu biquine'du,1,laadu,biquine,du,1,1pl_exc,correto
laatu biquine'tu,1,laatu,biquine,tu,1,2pl,correto
naa bi├í,1,naa,bi├í,ZERO,0,1sg,correto
lii bi├í'lu,1,lii,bi├í,lu,1,2sg,correto
laabe bi├í'be,1,laabe,bi├í,be,1,3sg,correto
laanu bid├║ya'nu,1,laanu,bid├║ya,nu,1,1pl_incl,correto
laadu bid├║ya'du,1,laadu,bid├║ya,du,1,1pl_exc,correto
laatu bid├║ya'tu,1,laatu,bid├║ya,tu,1,2pl,correto
naa yeganna,1,naa,yeganna,ZERO,0,1sg,correto
lii yeganna'lu,1,lii,yeganna,lu,1,2sg,correto
laabe yeganna'be,1,laabe,yeganna,be,1,3sg,correto
laanu yeganna'nu,1,laanu,yeganna,nu,1,1pl_incl,correto
laadu yeganna'du,1,laadu,yeganna,du,1,1pl_exc,correto
laatu yeganna'tu,1,laatu,yeganna,tu,1,2pl,correto
naa guleza,1,naa,guleza,ZERO,0,1sg,correto
lii guleza'lu,1,lii,guleza,lu,1,2sg,correto
laabe guleza'be,1,laabe,guleza,be,1,3sg,correto
laanu guleza'nu,1,laanu,guleza,nu,1,1pl_incl,correto
laadu guleza'du,1,laadu,guleza,du,1,1pl_exc,correto
laatu guleza'tu,1,laatu,guleza,tu,1,2pl,correto
naa ubigueta,1,naa,ubigueta,ZERO,0,1sg,correto
lii ubigueta'lu,1,lii,ubigueta,lu,1,2sg,correto
laabe ubigueta'be,1,laabe,ubigueta,be,1,3sg,correto
laanu ubigueta'nu,1,laanu,ubigueta,nu,1,1pl_incl,correto
laadu ubigueta'du,1,laadu,ubigueta,du,1,1pl_exc,correto
laatu ubigueta'tu,1,laatu,ubigueta,tu,1,2pl,correto
naa guuta,1,naa,guuta,ZERO,0,1sg,Ôüáerror_apostrofe
lii guutalu,1,lii,guuta,lu,0,2sg,Ôüáerror_apostrofe
laabe guutabe,1,laabe,guuta,be,0,3sg,Ôüáerror_apostrofe
laanu guutanu,1,laanu,guuta,nu,0,1pl_incl,Ôüáerror_apostrofe
laadu guutadu,1,laadu,guuta,du,0,1pl_exc,Ôüáerror_apostrofe
laatu guutatu,1,laatu,guuta,tu,0,2pl,Ôüáerror_apostrofe
naa gunaxhia,1,naa,gunaxhia,ZERO,0,1sg,Ôüáerror_apostrofe
lii gunaxhiilu,1,lii,gunaxhii,lu,0,2sg,Ôüáerror_apostrofe
laabe gunaxhiibe,1,laabe,gunaxhii,be,0,3sg,Ôüáerror_apostrofe
laanu gunaxhiinu,1,laanu,gunaxhii,nu,0,1pl_incl,Ôüáerror_apostrofe
laadu gunaxhiidu,1,laadu,gunaxhii,du,0,1pl_exc,Ôüáerror_apostrofe
laatu gunaxhiitu,1,laatu,gunaxhii,tu,0,2pl,Ôüáerror_apostrofe
naa biziide,1,naa,biziide,ZERO,0,1sg,Ôüáerror_apostrofe
lii biziidilu,1,lii,biziidi,lu,0,2sg,Ôüáerror_apostrofe
laabe biziidibe,1,laabe,biziidi,be,0,3sg,Ôüáerror_apostrofe
laanu biziidinu,1,laanu,biziidi,nu,0,1pl_incl,Ôüáerror_apostrofe
laadu biziididu,1,laadu,biziidi,du,0,1pl_exc,Ôüáerror_apostrofe
laatu biziiditu,1,laatu,biziidi,tu,0,2pl,Ôüáerror_apostrofe
naa guuze,1,naa,guuze,ZERO,0,1sg,Ôüáerror_apostrofe
lii guuzelu,1,lii,guuze,lu,0,2sg,Ôüáerror_apostrofe
laabe guuzebe,1,laabe,guuze,be,0,3sg,Ôüáerror_apostrofe
laanu guuzenu,1,laanu,guuze,nu,0,1pl_incl,Ôüáerror_apostrofe
laadu guuzedu,1,laadu,guuze,du,0,1pl_exc,Ôüáerror_apostrofe
laatu guuzetu,1,laatu,guuze,tu,0,2pl,Ôüáerror_apostrofe
naa biinda,1,naa,biinda,ZERO,0,1sg,Ôüáerror_apostrofe
lii biindalu,1,lii,biinda,lu,0,2sg,Ôüáerror_apostrofe
laabe biindabe,1,laabe,biinda,be,0,3sg,Ôüáerror_apostrofe
laanu biindanu,1,laanu,biinda,nu,0,1pl_incl,Ôüáerror_apostrofe
laadu biindadu,1,laadu,biinda,du,0,1pl_exc,Ôüáerror_apostrofe
laatu biindatu,1,laatu,biinda,tu,0,2pl,Ôüáerror_apostrofe
naa guzi├í,1,naa,guzi├í,ZERO,0,1sg,Ôüáerror_apostrofe
lii guzilu,1,lii,guzi,lu,0,2sg,Ôüáerror_apostrofe
laabe guzibe,1,laabe,guzi,be,0,3sg,Ôüáerror_apostrofe
laanu guzinu,1,laanu,guzi,nu,0,1pl_incl,Ôüáerror_apostrofe
laadu guzidu,1,laadu,guzi,du,0,1pl_exc,Ôüáerror_apostrofe
laatu guzitu,1,laatu,guzi,tu,0,2pl,Ôüáerror_apostrofe
naa binebi├í,1,naa,binebi├í,ZERO,0,1sg,Ôüáerror_apostrofe
lii binibi├ílu,1,lii,binibi├í,lu,0,2sg,Ôüáerror_apostrofe
laabe binibiabe,1,laabe,binibia,be,0,3sg,Ôüáerror_apostrofe
laanu binibi├ínu,1,laanu,binibi├í,nu,0,1pl_incl,Ôüáerror_apostrofe
laadu binibi├ídu,1,laadu,binibi├í,du,0,1pl_exc,Ôüáerror_apostrofe
laatu binibi├ítu,1,laatu,binibi├í,tu,0,2pl,Ôüáerror_apostrofe
naa bixo├▒e,1,naa,bixo├▒e,ZERO,0,1sg,Ôüáerror_apostrofe
lii bixo├▒elu,1,lii,bixo├▒e,lu,0,2sg,Ôüáerror_apostrofe
laabe bixo├▒ebe,1,laabe,bixo├▒e,be,0,3sg,Ôüáerror_apostrofe
laanu bixo├▒enu,1,laanu,bixo├▒e,nu,0,1pl_incl,Ôüáerror_apostrofe
laadu bixo├▒edu,1,laadu,bixo├▒e,du,0,1pl_exc,Ôüáerror_apostrofe
laatu bixo├▒etu,1,laatu,bixo├▒e,tu,0,2pl,Ôüáerror_apostrofe
naa bigaya,1,naa,bigaya,ZERO,0,1sg,Ôüáerror_apostrofe
lii bigalu,1,lii,biga,lu,0,2sg,Ôüáerror_apostrofe
laabe bigabe,1,laabe,biga,be,0,3sg,Ôüáerror_apostrofe
laanu biganu,1,laanu,biga,nu,0,1pl_incl,Ôüáerror_apostrofe
laadu bigadu,1,laadu,biga,du,0,1pl_exc,Ôüáerror_apostrofe
laatu bigatu,1,laatu,biga,tu,0,2pl,Ôüáerror_apostrofe
naa bidi├í,1,naa,bidi├í,ZERO,0,1sg,Ôüáerror_apostrofe
lii bidilu,1,lii,bidi,lu,0,2sg,Ôüáerror_apostrofe
laabe bidibe,1,laabe,bidi,be,0,3sg,Ôüáerror_apostrofe
laanu bidinu,1,laanu,bidi,nu,0,1pl_incl,Ôüáerror_apostrofe
laadu bididu,1,laadu,bidi,du,0,1pl_exc,Ôüáerror_apostrofe
laatu biditu,1,laatu,bidi,tu,0,2pl,Ôüáerror_apostrofe
naa gudxe,1,naa,gudxe,ZERO,0,1sg,Ôüáerror_apostrofe
lii gudxilu,1,lii,gudxi,lu,0,2sg,Ôüáerror_apostrofe
laabe gudxibe,1,laabe,gudxi,be,0,3sg,Ôüáerror_apostrofe
laanu gudxinu,1,laanu,gudxi,nu,0,1pl_incl,Ôüáerror_apostrofe
laadu gudxidu,1,laadu,gudxi,du,0,1pl_exc,Ôüáerror_apostrofe
laatu gudxitu,1,laatu,gudxi,tu,0,2pl,Ôüáerror_apostrofe
naa bisana,1,naa,bisana,ZERO,0,1sg,Ôüáerror_apostrofe
lii bisanalu,1,lii,bisana,lu,0,2sg,Ôüáerror_apostrofe
laabe bisanabe,1,laabe,bisana,be,0,3sg,Ôüáerror_apostrofe
laanu bisananu,1,laanu,bisana,nu,0,1pl_incl,Ôüáerror_apostrofe
laadu bisanadu,1,laadu,bisana,du,0,1pl_exc,Ôüáerror_apostrofe
laatu bisanatu,1,laatu,bisana,tu,0,2pl,Ôüáerror_apostrofe
naa guse,1,naa,guse,ZERO,0,1sg,Ôüáerror_apostrofe
lii gusilu,1,lii,gusi,lu,0,2sg,Ôüáerror_apostrofe
laabe gusibe,1,laabe,gusi,be,0,3sg,Ôüáerror_apostrofe
laanu gusinu,1,laanu,gusi,nu,0,1pl_incl,Ôüáerror_apostrofe
laadu gusidu,1,laadu,gusi,du,0,1pl_exc,Ôüáerror_apostrofe
laatu gusitu,1,laatu,gusi,tu,0,2pl,Ôüáerror_apostrofe
naa guli├í,1,naa,guli├í,ZERO,0,1sg,Ôüáerror_apostrofe
lii gulilu,1,lii,guli,lu,0,2sg,Ôüáerror_apostrofe
laabe gulibe,1,laabe,guli,be,0,3sg,Ôüáerror_apostrofe
laanu gulinu,1,laanu,guli,nu,0,1pl_incl,Ôüáerror_apostrofe
laadul gulidu,1,laadu,guli,du,0,1pl_exc,Ôüáerror_apostrofe
laatu gulitu,1,laatu,guli,tu,0,2pl,Ôüáerror_apostrofe
naa bizulo├í,1,naa,bizulo├í,ZERO,0,1sg,Ôüáerror_apostrofe
lii bizulolu,1,lii,bizulo,lu,0,2sg,Ôüáerror_apostrofe
laabe bizul├│be,1,laabe,bizul├│,be,0,3sg,Ôüáerror_apostrofe
laanu bizulonu,1,laanu,bizulo,nu,0,1pl_incl,Ôüáerror_apostrofe
laadu bizulodu,1,laadu,bizulo,du,0,1pl_exc,Ôüáerror_apostrofe
laatu bizulotu,1,laatu,bizulo,tu,0,2pl,Ôüáerror_apostrofe
naa bidxela,1,naa,bidxela,ZERO,0,1sg,Ôüáerror_apostrofe
lii bidxelalu,1,lii,bidxela,lu,0,2sg,Ôüáerror_apostrofe
laabe bidxelabe,1,laabe,bidxela,be,0,3sg,Ôüáerror_apostrofe
laanu bidxelanu,1,laanu,bidxela,nu,0,1pl_incl,Ôüáerror_apostrofe
laadu bidxeladu,1,laadu,bidxela,du,0,1pl_exc,Ôüáerror_apostrofe
laatu bidxelatu,1,laatu,bidxela,tu,0,2pl,Ôüáerror_apostrofe
naa guca huaraya,1,naa,guca huaraya,ZERO,0,1sg,Ôüáerror_apostrofe
lii guca huaralu,1,lii,guca huara,lu,0,2sg,Ôüáerror_apostrofe
laabe guca huarabe,1,laabe,guca huara,be,0,3sg,Ôüáerror_apostrofe
laanu guca huaranu,1,laanu,guca huara,nu,0,1pl_incl,Ôüáerror_apostrofe
laadu guca huaradu,1,laadu,guca huara,du,0,1pl_exc,Ôüáerror_apostrofe
laatu guca huaratu,1,laatu,guca huara,tu,0,2pl,Ôüáerror_apostrofe
naa bisiide,1,naa,bisiide,ZERO,0,1sg,Ôüáerror_apostrofe
lii bissidilu,1,lii,bissidi,lu,0,2sg,Ôüáerror_apostrofe
laabe bissidibe,1,laabe,bissidi,be,0,3sg,Ôüáerror_apostrofe
laanu bissidinu,1,laanu,bissidi,nu,0,1pl_incl,Ôüáerror_apostrofe
laadu bissididu,1,laadu,bissidi,du,0,1pl_exc,Ôüáerror_apostrofe
laatu bissiditu,1,laatu,bissidi,tu,0,2pl,Ôüáerror_apostrofe
naa bio├í,1,naa,bio├í,ZERO,0,1sg,Ôüáerror_apostrofe
lii bioalu,1,lii,bioa,lu,0,2sg,Ôüáerror_apostrofe
laabe bioabe,1,laabe,bioa,be,0,3sg,Ôüáerror_apostrofe
laanu bioanu,1,laanu,bioa,nu,0,1pl_incl,Ôüáerror_apostrofe
laadu bioadu,1,laadu,bioa,du,0,1pl_exc,Ôüáerror_apostrofe
laatu bioatu,1,laatu,bioa,tu,0,2pl,Ôüáerror_apostrofe
naa bisenda,1,naa,bisenda,ZERO,0,1sg,Ôüáerror_apostrofe
lii bisendalu,1,lii,bisenda,lu,0,2sg,Ôüáerror_apostrofe
laabe bisendabe,1,laabe,bisenda,be,0,3sg,Ôüáerror_apostrofe
laanu bisendanu,1,laanu,bisenda,nu,0,1pl_incl,Ôüáerror_apostrofe
laadu bisendadu,1,laadu,bisenda,du,0,1pl_exc,Ôüáerror_apostrofe
laatu bisendatu,1,laatu,bisenda,tu,0,2pl,Ôüáerror_apostrofe
naa bic├ía,1,naa,bic├ía,ZERO,0,1sg,Ôüáerror_apostrofe
lii bicaalu,1,lii,bicaa,lu,0,2sg,Ôüáerror_apostrofe
laabe bicaabe,1,laabe,bicaa,be,0,3sg,Ôüáerror_apostrofe
laanu bicaanu,1,laanu,bicaa,nu,0,1pl_incl,Ôüáerror_apostrofe
laadu bicaadu,1,laadu,bicaa,du,0,1pl_exc,Ôüáerror_apostrofe
laatu bicaatu,1,laatu,bicaa,tu,0,2pl,Ôüáerror_apostrofe
naa biina,1,naa,biina,ZERO,0,1sg,Ôüáerror_apostrofe
lii biinalu,1,lii,biina,lu,0,2sg,Ôüáerror_apostrofe
laabe biinabe,1,laabe,biina,be,0,3sg,Ôüáerror_apostrofe
laanu biinanu,1,laanu,biina,nu,0,1pl_incl,Ôüáerror_apostrofe
laadu biinadu,1,laadu,biina,du,0,1pl_exc,Ôüáerror_apostrofe
laatu biinatu,1,laatu,biina,tu,0,2pl,Ôüáerror_apostrofe
naa guleeza,1,naa,guleeza,ZERO,0,1sg,Ôüáerror_apostrofe
lii guleezalu,1,lii,guleeza,lu,0,2sg,Ôüáerror_apostrofe
laabe guleezabe,1,laabe,guleeza,be,0,3sg,Ôüáerror_apostrofe
laanu guleezanu,1,laanu,guleeza,nu,0,1pl_incl,Ôüáerror_apostrofe
laadu guleezadu,1,laadu,guleeza,du,0,1pl_exc,Ôüáerror_apostrofe
laatu guleezatu,1,laatu,guleeza,tu,0,2pl,Ôüáerror_apostrofe
naa biziide,1,naa,biziide,ZERO,0,1sg,Ôüáerror_apostrofe
lii biziidilu,1,lii,biziidi,lu,0,2sg,Ôüáerror_apostrofe
laabe biziidibe,1,laabe,biziidi,be,0,3sg,Ôüáerror_apostrofe
laanu biziidinu,1,laanu,biziidi,nu,0,1pl_incl,Ôüáerror_apostrofe
laadu biziididu,1,laadu,biziidi,du,0,1pl_exc,Ôüáerror_apostrofe
laatu biziiditu,1,laatu,biziidi,tu,0,2pl,Ôüáerror_apostrofe
naa guni├í,1,naa,guni├í,ZERO,0,1sg,Ôüáerror_apostrofe
lii gunilu,1,lii,guni,lu,0,2sg,Ôüáerror_apostrofe
laabe gunibe,1,laabe,guni,be,0,3sg,Ôüáerror_apostrofe
laanu guninu,1,laanu,guni,nu,0,1pl_incl,Ôüáerror_apostrofe
laadu gunidu,1,laadu,guni,du,0,1pl_exc,Ôüáerror_apostrofe
laatu gunitu,1,laatu,guni,tu,0,2pl,Ôüáerror_apostrofe
naa bine,1,naa,bine,ZERO,0,1sg,Ôüáerror_apostrofe
lii binilu,1,lii,bini,lu,0,2sg,Ôüáerror_apostrofe
laabe binibe,1,laabe,bini,be,0,3sg,Ôüáerror_apostrofe
laanu bininu,1,laanu,bini,nu,0,1pl_incl,Ôüáerror_apostrofe
laadu binidu,1,laadu,bini,du,0,1pl_exc,Ôüáerror_apostrofe
laatu binitu,1,laatu,bini,tu,0,2pl,Ôüáerror_apostrofe
naa guy├í,1,naa,guy├í,ZERO,0,1sg,Ôüáerror_apostrofe
lii guyelu,1,lii,guye,lu,0,2sg,Ôüáerror_apostrofe
laabe guyebe,1,laabe,guye,be,0,3sg,Ôüáerror_apostrofe
laanu guyenu,1,laanu,guye,nu,0,1pl_incl,Ôüáerror_apostrofe
laadu guyedu,1,laadu,guye,du,0,1pl_exc,Ôüáerror_apostrofe
laatu guyetu,1,laatu,guye,tu,0,2pl,Ôüáerror_apostrofe
naa gudxite,1,naa,gudxite,ZERO,0,1sg,Ôüáerror_apostrofe
lii gudxitelu,1,lii,gudxite,lu,0,2sg,Ôüáerror_apostrofe
laabe gudxitebe,1,laabe,gudxite,be,0,3sg,Ôüáerror_apostrofe
laanu gudxitenu,1,laanu,gudxite,nu,0,1pl_incl,Ôüáerror_apostrofe
laadu gudxitedu,1,laadu,gudxite,du,0,1pl_exc,Ôüáerror_apostrofe
laatu gudxitetu,1,laatu,gudxite,tu,0,2pl,Ôüáerror_apostrofe
naa binda,1,naa,binda,ZERO,0,1sg,Ôüáerror_apostrofe
lii bindalu,1,lii,binda,lu,0,2sg,Ôüáerror_apostrofe
laabe bindabe,1,laabe,binda,be,0,3sg,Ôüáerror_apostrofe
laanu bindanu,1,laanu,binda,nu,0,1pl_incl,Ôüáerror_apostrofe
laadu bindadu,1,laadu,binda,du,0,1pl_exc,Ôüáerror_apostrofe
laatu bindatu,1,laatu,binda,tu,0,2pl,Ôüáerror_apostrofe
naa bisiaya,1,naa,bisiaya,ZERO,0,1sg,Ôüáerror_apostrofe
lii bisialu,1,lii,bisia,lu,0,2sg,Ôüáerror_apostrofe
laabe bisiabe,1,laabe,bisia,be,0,3sg,Ôüáerror_apostrofe
laanu bisianu,1,laanu,bisia,nu,0,1pl_incl,Ôüáerror_apostrofe
laadu bisiadu,1,laadu,bisia,du,0,1pl_exc,Ôüáerror_apostrofe
laatu bisiatu,1,laatu,bisia,tu,0,2pl,Ôüáerror_apostrofe
naa yendaaya,1,naa,yendaaya,ZERO,0,1sg,Ôüáerror_apostrofe
lii yendaalu,1,lii,yendaa,lu,0,2sg,Ôüáerror_apostrofe
laabe yendaabe,1,laabe,yendaa,be,0,3sg,Ôüáerror_apostrofe
laanu yendaanu,1,laanu,yendaa,nu,0,1pl_incl,Ôüáerror_apostrofe
laadu yendaodu,1,laadu,yendao,du,0,1pl_exc,Ôüáerror_apostrofe
laatu yendaotu,1,laatu,yendao,tu,0,2pl,Ôüáerror_apostrofe
naa yene├í,1,naa,yene├í,ZERO,0,1sg,Ôüáerror_apostrofe
lii yenelu,1,lii,yene,lu,0,2sg,Ôüáerror_apostrofe
laabe yenebe,1,laabe,yene,be,0,3sg,Ôüáerror_apostrofe
laanu yunenu,1,laanu,yune,nu,0,1pl_incl,Ôüáerror_apostrofe
laadu yunedu,1,laadu,yune,du,0,1pl_exc,Ôüáerror_apostrofe
laatu yunetu,1,laatu,yune,tu,0,2pl,Ôüáerror_apostrofe
naa bisaaya,1,naa,bisaaya,ZERO,0,1sg,Ôüáerror_apostrofe
lii bisaalu,1,lii,bisaa,lu,0,2sg,Ôüáerror_apostrofe
laabe bisaabe,1,laabe,bisaa,be,0,3sg,Ôüáerror_apostrofe
laanu bisaanu,1,laanu,bisaa,nu,0,1pl_incl,Ôüáerror_apostrofe
laadu bisaadu,1,laadu,bisaa,du,0,1pl_exc,Ôüáerror_apostrofe
laatu bisaatu,1,laatu,bisaa,tu,0,2pl,Ôüáerror_apostrofe
naa biyadxi├í,1,naa,biyadxi├í,ZERO,0,1sg,Ôüáerror_apostrofe
lii biyadxilu,1,lii,biyadxi,lu,0,2sg,Ôüáerror_apostrofe
laabe biyadxibe,1,laabe,biyadxi,be,0,3sg,Ôüáerror_apostrofe
laanu biyadxinu,1,laanu,biyadxi,nu,0,1pl_incl,Ôüáerror_apostrofe
laadu biyadxidu,1,laadu,biyadxi,du,0,1pl_exc,Ôüáerror_apostrofe
laatu biyadxitu,1,laatu,biyadxi,tu,0,2pl,Ôüáerror_apostrofe
naa bixoba,1,naa,bixoba,ZERO,0,1sg,Ôüáerror_apostrofe
lii bixobalu,1,lii,bixoba,lu,0,2sg,Ôüáerror_apostrofe
laabe bixobabe,1,laabe,bixoba,be,0,3sg,Ôüáerror_apostrofe
laanu bixobanu,1,laanu,bixoba,nu,0,1pl_incl,Ôüáerror_apostrofe
laadu bixobadu,1,laadu,bixoba,du,0,1pl_exc,Ôüáerror_apostrofe
laatu bixobatu,1,laatu,bixoba,tu,0,2pl,Ôüáerror_apostrofe
naa bisianda,1,naa,bisianda,ZERO,0,1sg,Ôüáerror_apostrofe
lii bisiandalu,1,lii,bisianda,lu,0,2sg,Ôüáerror_apostrofe
laabe bisiandabe,1,laabe,bisianda,be,0,3sg,Ôüáerror_apostrofe
laanu bisiandanu,1,laanu,bisianda,nu,0,1pl_incl,Ôüáerror_apostrofe
laadu bisiandadu,1,laadu,bisianda,du,0,1pl_exc,Ôüáerror_apostrofe
laatu bisiandatu,1,laatu,bisianda,tu,0,2pl,Ôüáerror_apostrofe
naa bisugaa,1,naa,bisugaa,ZERO,0,1sg,Ôüáerror_apostrofe
lii bisugaalu,1,lii,bisugaa,lu,0,2sg,Ôüáerror_apostrofe
laabe bisugaabe,1,laabe,bisugaa,be,0,3sg,Ôüáerror_apostrofe
laanu bisugaanu,1,laanu,bisugaa,nu,0,1pl_incl,Ôüáerror_apostrofe
laadu bisugaadu,1,laadu,bisugaa,du,0,1pl_exc,Ôüáerror_apostrofe
laatu bisugaatu,1,laatu,bisugaa,tu,0,2pl,Ôüáerror_apostrofe
naa gudiide,1,naa,gudiide,ZERO,0,1sg,Ôüáerror_apostrofe
lii gudiidilu,1,lii,gudiidi,lu,0,2sg,Ôüáerror_apostrofe
laabe gudiidibe,1,laabe,gudiidi,be,0,3sg,Ôüáerror_apostrofe
laanu gudiidinu,1,laanu,gudiidi,nu,0,1pl_incl,Ôüáerror_apostrofe
laadu gudiididu,1,laadu,gudiidi,du,0,1pl_exc,Ôüáerror_apostrofe
laatu gudiiditu,1,laatu,gudiidi,tu,0,2pl,Ôüáerror_apostrofe
naa gunaba,1,naa,gunaba,ZERO,0,1sg,Ôüáerror_apostrofe
lii gunabalu,1,lii,gunaba,lu,0,2sg,Ôüáerror_apostrofe
laabe gunababe,1,laabe,gunaba,be,0,3sg,Ôüáerror_apostrofe
laanu gunabanu,1,laanu,gunaba,nu,0,1pl_incl,Ôüáerror_apostrofe
laadu gunabadu,1,laadu,gunaba,du,0,1pl_exc,Ôüáerror_apostrofe
laatu gunabatu,1,laatu,gunaba,tu,0,2pl,Ôüáerror_apostrofe
naa bic├í,1,naa,bic├í,ZERO,0,1sg,Ôüáerror_apostrofe
lii bicalu,1,lii,bica,lu,0,2sg,Ôüáerror_apostrofe
laabe bicabe,1,laabe,bica,be,0,3sg,Ôüáerror_apostrofe
laanu bicanu,1,laanu,bica,nu,0,1pl_incl,Ôüáerror_apostrofe
laadu bicadu,1,laadu,bica,du,0,1pl_exc,Ôüáerror_apostrofe
laatu bicatu,1,laatu,bica,tu,0,2pl,Ôüáerror_apostrofe
naa guni ique,1,naa,guni ique,ZERO,0,1sg,Ôüáerror_apostrofe
lii guni iquelu,1,lii,guni ique,lu,0,2sg,Ôüáerror_apostrofe
laabe guni iquebe,1,laabe,guni ique,be,0,3sg,Ôüáerror_apostrofe
laanu guni iquenu,1,laanu,guni ique,nu,0,1pl_incl,Ôüáerror_apostrofe
laadu guni iquedu,1,laadu,guni ique,du,0,1pl_exc,Ôüáerror_apostrofe
laatu guni iquetu,1,laatu,guni ique,tu,0,2pl,Ôüáerror_apostrofe
naa biui diidxa,1,naa,biui diidxa,ZERO,0,1sg,Ôüáerror_apostrofe
lii biuilu diidxa,1,lii,biui diidxa,lu,0,2sg,Ôüáerror_apostrofe
laabe biuibe diidxa,1,laabe,biui diidxa,be,0,3sg,Ôüáerror_apostrofe
laanu biuinu diidxa,1,laanu,biui diidxa,nu,0,1pl_incl,Ôüáerror_apostrofe
laadu biuidu diidxa,1,laadu,biui diidxa,du,0,1pl_exc,Ôüáerror_apostrofe
laatu biuitu diidxa,1,laatu,biui diidxa,tu,0,2pl,Ôüáerror_apostrofe
naa gudxhe,1,naa,gudxhe,ZERO,0,1sg,Ôüáerror_apostrofe
lii gudxhelu,1,lii,gudxhe,lu,0,2sg,Ôüáerror_apostrofe
laabe gudxhebe,1,laabe,gudxhe,be,0,3sg,Ôüáerror_apostrofe
laanu gudxhenu,1,laanu,gudxhe,nu,0,1pl_incl,Ôüáerror_apostrofe
laadu gudxhedu,1,laadu,gudxhe,du,0,1pl_exc,Ôüáerror_apostrofe
laatu gudxhetu,1,laatu,gudxhe,tu,0,2pl,Ôüáerror_apostrofe
naa biti├▒e,1,naa,biti├▒e,ZERO,0,1sg,Ôüáerror_apostrofe
lii biti├▒elu,1,lii,biti├▒e,lu,0,2sg,Ôüáerror_apostrofe
laabe bitinebe,1,laabe,bitine,be,0,3sg,Ôüáerror_apostrofe
laanu bitinenu,1,laanu,bitine,nu,0,1pl_incl,Ôüáerror_apostrofe
laadu bitinedu,1,laadu,bitine,du,0,1pl_exc,Ôüáerror_apostrofe
laatu bitinetu,1,laatu,bitine,tu,0,2pl,Ôüáerror_apostrofe
naa gunna,1,naa,gunna,ZERO,0,1sg,Ôüáerror_apostrofe
lii gunnalu,1,lii,gunna,lu,0,2sg,Ôüáerror_apostrofe
laabe gunnabe,1,laabe,gunna,be,0,3sg,Ôüáerror_apostrofe
laanu gunnanu,1,laanu,gunna,nu,0,1pl_incl,Ôüáerror_apostrofe
laadu gunnadu,1,laadu,gunna,du,0,1pl_exc,Ôüáerror_apostrofe
laatu gunnatu,1,laatu,gunna,tu,0,2pl,Ôüáerror_apostrofe
naa bire├í,1,naa,bire├í,ZERO,0,1sg,Ôüáerror_apostrofe
lii birelu,1,lii,bire,lu,0,2sg,Ôüáerror_apostrofe
laabe birebe,1,laabe,bire,be,0,3sg,Ôüáerror_apostrofe
laanu birenu,1,laanu,bire,nu,0,1pl_incl,Ôüáerror_apostrofe
laadu biredu,1,laadu,bire,du,0,1pl_exc,Ôüáerror_apostrofe
laatu biretu,1,laatu,bire,tu,0,2pl,Ôüáerror_apostrofe
naa bisianda,1,naa,bisianda,ZERO,0,1sg,Ôüáerror_apostrofe
lii bisiandalu,1,lii,bisianda,lu,0,2sg,Ôüáerror_apostrofe
laabe bisiandabe,1,laabe,bisianda,be,0,3sg,Ôüáerror_apostrofe
laanu bisiandanu,1,laanu,bisianda,nu,0,1pl_incl,Ôüáerror_apostrofe
laadu bisiandadu,1,laadu,bisianda,du,0,1pl_exc,Ôüáerror_apostrofe
laatu bisiandatu,1,laatu,bisianda,tu,0,2pl,Ôüáerror_apostrofe
naa guy├í,1,naa,guy├í,ZERO,0,1sg,Ôüáerror_apostrofe
lii guyelu,1,lii,guye,lu,0,2sg,Ôüáerror_apostrofe
laabe guyebe,1,laabe,guye,be,0,3sg,Ôüáerror_apostrofe
laanu guyenu,1,laanu,guye,nu,0,1pl_incl,Ôüáerror_apostrofe
laadu guyedu,1,laadu,guye,du,0,1pl_exc,Ôüáerror_apostrofe
laatu guyetu,1,laatu,guye,tu,0,2pl,Ôüáerror_apostrofe
naa gudxiba,1,naa,gudxiba,ZERO,0,1sg,Ôüáerror_apostrofe
lii gudxibalu,1,lii,gudxiba,lu,0,2sg,Ôüáerror_apostrofe
laabe gudxibabe,1,laabe,gudxiba,be,0,3sg,Ôüáerror_apostrofe
laanu gudxibanu,1,laanu,gudxiba,nu,0,1pl_incl,Ôüáerror_apostrofe
laadu gudxibadu,1,laadu,gudxiba,du,0,1pl_exc,Ôüáerror_apostrofe
laatu gudxibatu,1,laatu,gudxiba,tu,0,2pl,Ôüáerror_apostrofe
naa gupa,1,naa,gupa,ZERO,0,1sg,Ôüáerror_apostrofe
lii gupalu,1,lii,gupa,lu,0,2sg,Ôüáerror_apostrofe
laabe gupabe,1,laabe,gupa,be,0,3sg,Ôüáerror_apostrofe
laanu gupanu,1,laanu,gupa,nu,0,1pl_incl,Ôüáerror_apostrofe
laadu gupadu,1,laadu,gupa,du,0,1pl_exc,Ôüáerror_apostrofe
laatu gupatu,1,laatu,gupa,tu,0,2pl,Ôüáerror_apostrofe
naa hue├í,1,naa,hue├í,ZERO,0,1sg,Ôüáerror_apostrofe
lii huelu,1,lii,hue,lu,0,2sg,Ôüáerror_apostrofe
laabe huebe,1,laabe,hue,be,0,3sg,Ôüáerror_apostrofe
laanu huen├║,1,laanu,hue,nu,0,1pl_incl,Ôüáerror_apostrofe
laadu huedu,1,laadu,hue,du,0,1pl_exc,Ôüáerror_apostrofe
laatu huetu,1,laatu,hue,tu,0,2pl,Ôüáerror_apostrofe
naa bine dxii├▒a,1,naa,bine dxii├▒a,ZERO,0,1sg,Ôüáerror_apostrofe
lii bini dxii├▒alu,1,lii,bini dxii├▒a,lu,0,2sg,Ôüáerror_apostrofe
laabe bini dxii├▒abe,1,laabe,bini dxii├▒a,be,0,3sg,Ôüáerror_apostrofe
laanu bini dxii├▒anu,1,laanu,bini dxii├▒a,nu,0,1pl_incl,Ôüáerror_apostrofe
laadu bini dxii├▒adu,1,laadu,bini dxii├▒a,du,0,1pl_exc,Ôüáerror_apostrofe
laatu bini dxii├▒atu,1,laatu,bini dxii├▒a,tu,0,2pl,Ôüáerror_apostrofe
naa bedane├í,1,naa,bedane├í,ZERO,0,1sg,Ôüáerror_apostrofe
lii bendanelu,1,lii,bendane,lu,0,2sg,Ôüáerror_apostrofe
laabe bendanebe,1,laabe,bendane,be,0,3sg,Ôüáerror_apostrofe
laanu bendanenu,1,laanu,bendane,nu,0,1pl_incl,Ôüáerror_apostrofe
laadu bendanedu,1,laadu,bendane,du,0,1pl_exc,Ôüáerror_apostrofe
laatu bendanetu,1,laatu,bendane,tu,0,2pl,Ôüáerror_apostrofe
naa biqui├▒e,1,naa,biqui├▒e,ZERO,0,1sg,Ôüáerror_apostrofe
lii biquinelu,1,lii,biquine,lu,0,2sg,Ôüáerror_apostrofe
laabe biquinebe,1,laabe,biquine,be,0,3sg,Ôüáerror_apostrofe
laanu biquinenu,1,laanu,biquine,nu,0,1pl_incl,Ôüáerror_apostrofe
laadu biquinedu,1,laadu,biquine,du,0,1pl_exc,Ôüáerror_apostrofe
laatu biquinetu,1,laatu,biquine,tu,0,2pl,Ôüáerror_apostrofe
naa bi├í,1,naa,bi├í,ZERO,0,1sg,Ôüáerror_apostrofe
lii bi├ílu,1,lii,bi├í,lu,0,2sg,Ôüáerror_apostrofe
laabe bi├íbe,1,laabe,bi├í,be,0,3sg,Ôüáerror_apostrofe
laanu bid├║yanu,1,laanu,bid├║ya,nu,0,1pl_incl,Ôüáerror_apostrofe
laadu bid├║yadu,1,laadu,bid├║ya,du,0,1pl_exc,Ôüáerror_apostrofe
laatu bid├║yatu,1,laatu,bid├║ya,tu,0,2pl,Ôüáerror_apostrofe
naa yeganna,1,naa,yeganna,ZERO,0,1sg,Ôüáerror_apostrofe
lii yegannalu,1,lii,yeganna,lu,0,2sg,Ôüáerror_apostrofe
laabe yegannabe,1,laabe,yeganna,be,0,3sg,Ôüáerror_apostrofe
laanu yegannanu,1,laanu,yeganna,nu,0,1pl_incl,Ôüáerror_apostrofe
laadu yegannadu,1,laadu,yeganna,du,0,1pl_exc,Ôüáerror_apostrofe
laatu yegannatu,1,laatu,yeganna,tu,0,2pl,Ôüáerror_apostrofe
naa guleza,1,naa,guleza,ZERO,0,1sg,Ôüáerror_apostrofe
lii gulezalu,1,lii,guleza,lu,0,2sg,Ôüáerror_apostrofe
laabe gulezabe,1,laabe,guleza,be,0,3sg,Ôüáerror_apostrofe
laanu gulezanu,1,laanu,guleza,nu,0,1pl_incl,Ôüáerror_apostrofe
laadu gulezadu,1,laadu,guleza,du,0,1pl_exc,Ôüáerror_apostrofe
laatu gulezatu,1,laatu,guleza,tu,0,2pl,Ôüáerror_apostrofe
naa ubigueta,1,naa,ubigueta,ZERO,0,1sg,Ôüáerror_apostrofe
lii ubiguetalu,1,lii,ubigueta,lu,0,2sg,Ôüáerror_apostrofe
laabe ubiguetabe,1,laabe,ubigueta,be,0,3sg,Ôüáerror_apostrofe
laanu ubiguetanu,1,laanu,ubigueta,nu,0,1pl_incl,Ôüáerror_apostrofe
laadu ubiguetadu,1,laadu,ubigueta,du,0,1pl_exc,Ôüáerror_apostrofe
laatu ubiguetatu,1,laatu,ubigueta,tu,0,2pl,Ôüáerror_apostrofe
naa guuta'lu,0,naa,guuta,lu,1,1sg,Ôüáerror_concordancia
lii guuta,0,lii,guuta,ZERO,0,2sg,Ôüáerror_concordancia
laabe guuta'lu,0,laabe,guuta,lu,1,3sg,Ôüáerror_concordancia
laanu guuta'du,0,laanu,guuta,du,1,1pl_incl,Ôüáerror_concordancia
laadu guuta'nu,0,laadu,guuta,nu,1,1pl_exc,Ôüáerror_concordancia
laatu guuta,0,laatu,guuta,ZERO,0,2pl,Ôüáerror_concordancia
naa gunaxhia'lu,0,naa,gunaxhia,lu,1,1sg,Ôüáerror_concordancia
lii gunaxhii,0,lii,gunaxhii,ZERO,0,2sg,Ôüáerror_concordancia
laabe gunaxhii'lu,0,laabe,gunaxhii,lu,1,3sg,Ôüáerror_concordancia
laanu gunaxhii'du,0,laanu,gunaxhii,du,1,1pl_incl,Ôüáerror_concordancia
laadu gunaxhii'nu,0,laadu,gunaxhii,nu,1,1pl_exc,Ôüáerror_concordancia
laatu gunaxhii,0,laatu,gunaxhii,ZERO,0,2pl,Ôüáerror_concordancia
naa biziide'lu,0,naa,biziide,lu,1,1sg,Ôüáerror_concordancia
lii biziidi,0,lii,biziidi,ZERO,0,2sg,Ôüáerror_concordancia
laabe biziidi'lu,0,laabe,biziidi,lu,1,3sg,Ôüáerror_concordancia
laanu biziidi'du,0,laanu,biziidi,du,1,1pl_incl,Ôüáerror_concordancia
laadu biziidi'nu,0,laadu,biziidi,nu,1,1pl_exc,Ôüáerror_concordancia
laatu biziidi,0,laatu,biziidi,ZERO,0,2pl,Ôüáerror_concordancia
naa guuze'lu,0,naa,guuze,lu,1,1sg,Ôüáerror_concordancia
lii guuze,0,lii,guuze,ZERO,0,2sg,Ôüáerror_concordancia
laabe guuze'lu,0,laabe,guuze,lu,1,3sg,Ôüáerror_concordancia
laanu guuze'du,0,laanu,guuze,du,1,1pl_incl,Ôüáerror_concordancia
laadu guuze'nu,0,laadu,guuze,nu,1,1pl_exc,Ôüáerror_concordancia
laatu guuze,0,laatu,guuze,ZERO,0,2pl,Ôüáerror_concordancia
naa biinda'lu,0,naa,biinda,lu,1,1sg,Ôüáerror_concordancia
lii biinda,0,lii,biinda,ZERO,0,2sg,Ôüáerror_concordancia
laabe biinda'lu,0,laabe,biinda,lu,1,3sg,Ôüáerror_concordancia
laanu biinda'du,0,laanu,biinda,du,1,1pl_incl,Ôüáerror_concordancia
laadu biinda'nu,0,laadu,biinda,nu,1,1pl_exc,Ôüáerror_concordancia
laatu biinda,0,laatu,biinda,ZERO,0,2pl,Ôüáerror_concordancia
naa guzi├í'lu,0,naa,guzi├í,lu,1,1sg,Ôüáerror_concordancia
lii guzi,0,lii,guzi,ZERO,0,2sg,Ôüáerror_concordancia
laabe guzi'lu,0,laabe,guzi,lu,1,3sg,Ôüáerror_concordancia
laanu guzi'du,0,laanu,guzi,du,1,1pl_incl,Ôüáerror_concordancia
laadu guzi'nu,0,laadu,guzi,nu,1,1pl_exc,Ôüáerror_concordancia
laatu guzi,0,laatu,guzi,ZERO,0,2pl,Ôüáerror_concordancia
naa binebi├í'lu,0,naa,binebi├í,lu,1,1sg,Ôüáerror_concordancia
lii binibi├í,0,lii,binibi├í,ZERO,0,2sg,Ôüáerror_concordancia
laabe binibia'lu,0,laabe,binibia,lu,1,3sg,Ôüáerror_concordancia
laanu binibi├í'du,0,laanu,binibi├í,du,1,1pl_incl,Ôüáerror_concordancia
laadu binibi├í'nu,0,laadu,binibi├í,nu,1,1pl_exc,Ôüáerror_concordancia
laatu binibi├í,0,laatu,binibi├í,ZERO,0,2pl,Ôüáerror_concordancia
naa bixo├▒e'lu,0,naa,bixo├▒e,lu,1,1sg,Ôüáerror_concordancia
lii bixo├▒e,0,lii,bixo├▒e,ZERO,0,2sg,Ôüáerror_concordancia
laabe bixo├▒e'lu,0,laabe,bixo├▒e,lu,1,3sg,Ôüáerror_concordancia
laanu bixo├▒e'du,0,laanu,bixo├▒e,du,1,1pl_incl,Ôüáerror_concordancia
laadu bixo├▒e'nu,0,laadu,bixo├▒e,nu,1,1pl_exc,Ôüáerror_concordancia
laatu bixo├▒e,0,laatu,bixo├▒e,ZERO,0,2pl,Ôüáerror_concordancia
naa bigaya'lu,0,naa,bigaya,lu,1,1sg,Ôüáerror_concordancia
lii biga,0,lii,biga,ZERO,0,2sg,Ôüáerror_concordancia
laabe biga'lu,0,laabe,biga,lu,1,3sg,Ôüáerror_concordancia
laanu biga'du,0,laanu,biga,du,1,1pl_incl,Ôüáerror_concordancia
laadu biga'nu,0,laadu,biga,nu,1,1pl_exc,Ôüáerror_concordancia
laatu biga,0,laatu,biga,ZERO,0,2pl,Ôüáerror_concordancia
naa bidi├í'lu,0,naa,bidi├í,lu,1,1sg,Ôüáerror_concordancia
lii bidi,0,lii,bidi,ZERO,0,2sg,Ôüáerror_concordancia
laabe bidi'lu,0,laabe,bidi,lu,1,3sg,Ôüáerror_concordancia
laanu bidi'du,0,laanu,bidi,du,1,1pl_incl,Ôüáerror_concordancia
laadu bidi'nu,0,laadu,bidi,nu,1,1pl_exc,Ôüáerror_concordancia
laatu bidi,0,laatu,bidi,ZERO,0,2pl,Ôüáerror_concordancia
naa gudxe'lu,0,naa,gudxe,lu,1,1sg,Ôüáerror_concordancia
lii gudxi,0,lii,gudxi,ZERO,0,2sg,Ôüáerror_concordancia
laabe gudxi'lu,0,laabe,gudxi,lu,1,3sg,Ôüáerror_concordancia
laanu gudxi'du,0,laanu,gudxi,du,1,1pl_incl,Ôüáerror_concordancia
laadu gudxi'nu,0,laadu,gudxi,nu,1,1pl_exc,Ôüáerror_concordancia
laatu gudxi,0,laatu,gudxi,ZERO,0,2pl,Ôüáerror_concordancia
naa bisana'lu,0,naa,bisana,lu,1,1sg,Ôüáerror_concordancia
lii bisana,0,lii,bisana,ZERO,0,2sg,Ôüáerror_concordancia
laabe bisana'lu,0,laabe,bisana,lu,1,3sg,Ôüáerror_concordancia
laanu bisana'du,0,laanu,bisana,du,1,1pl_incl,Ôüáerror_concordancia
laadu bisana'nu,0,laadu,bisana,nu,1,1pl_exc,Ôüáerror_concordancia
laatu bisana,0,laatu,bisana,ZERO,0,2pl,Ôüáerror_concordancia
naa guse'lu,0,naa,guse,lu,1,1sg,Ôüáerror_concordancia
lii gusi,0,lii,gusi,ZERO,0,2sg,Ôüáerror_concordancia
laabe gusi'lu,0,laabe,gusi,lu,1,3sg,Ôüáerror_concordancia
laanu gusi'du,0,laanu,gusi,du,1,1pl_incl,Ôüáerror_concordancia
laadu gusi'nu,0,laadu,gusi,nu,1,1pl_exc,Ôüáerror_concordancia
laatu gusi,0,laatu,gusi,ZERO,0,2pl,Ôüáerror_concordancia
naa guli├í'lu,0,naa,guli├í,lu,1,1sg,Ôüáerror_concordancia
lii guli,0,lii,guli,ZERO,0,2sg,Ôüáerror_concordancia
laabe guli'lu,0,laabe,guli,lu,1,3sg,Ôüáerror_concordancia
laanu guli'du,0,laanu,guli,du,1,1pl_incl,Ôüáerror_concordancia
laadu guli'nu,0,laadu,guli,nu,1,1pl_exc,Ôüáerror_concordancia
laatu guli,0,laatu,guli,ZERO,0,2pl,Ôüáerror_concordancia
naa bizulo├í'lu,0,naa,bizulo├í,lu,1,1sg,Ôüáerror_concordancia
lii bizulo,0,lii,bizulo,ZERO,0,2sg,Ôüáerror_concordancia
laabe bizul├│'lu,0,laabe,bizul├│,lu,1,3sg,Ôüáerror_concordancia
laanu bizulo'du,0,laanu,bizulo,du,1,1pl_incl,Ôüáerror_concordancia
laadu bizulo'nu,0,laadu,bizulo,nu,1,1pl_exc,Ôüáerror_concordancia
laatu bizulo,0,laatu,bizulo,ZERO,0,2pl,Ôüáerror_concordancia
naa bidxela'lu,0,naa,bidxela,lu,1,1sg,Ôüáerror_concordancia
lii bidxela,0,lii,bidxela,ZERO,0,2sg,Ôüáerror_concordancia
laabe bidxela'lu,0,laabe,bidxela,lu,1,3sg,Ôüáerror_concordancia
laanu bidxela'du,0,laanu,bidxela,du,1,1pl_incl,Ôüáerror_concordancia
laadu bidxela'nu,0,laadu,bidxela,nu,1,1pl_exc,Ôüáerror_concordancia
laatu bidxela,0,laatu,bidxela,ZERO,0,2pl,Ôüáerror_concordancia
naa guca huaraya'lu,0,naa,guca,lu,1,1sg,Ôüáerror_concordancia
lii guca huara,0,lii,guca huara,ZERO,0,2sg,Ôüáerror_concordancia
laabe guca huara'lu,0,laabe,guca huara,lu,1,3sg,Ôüáerror_concordancia
laanu guca huara'du,0,laanu,guca huara,du,1,1pl_incl,Ôüáerror_concordancia
laadu guca huara'nu,0,laadu,guca huara,nu,1,1pl_exc,Ôüáerror_concordancia
laatu guca huara,0,laatu,guca huara,ZERO,0,2pl,Ôüáerror_concordancia
naa bisiide'lu,0,naa,bisiide,lu,1,1sg,Ôüáerror_concordancia
lii bissidi,0,lii,bissidi,ZERO,0,2sg,Ôüáerror_concordancia
laabe bissidi'lu,0,laabe,bissidi,lu,1,3sg,Ôüáerror_concordancia
laanu bissidi'du,0,laanu,bissidi,du,1,1pl_incl,Ôüáerror_concordancia
laadu bissidi'nu,0,laadu,bissidi,nu,1,1pl_exc,Ôüáerror_concordancia
laatu bissidi,0,laatu,bissidi,ZERO,0,2pl,Ôüáerror_concordancia
naa bio├í'lu,0,naa,bio├í,lu,1,1sg,Ôüáerror_concordancia
lii bioa,0,lii,bioa,ZERO,0,2sg,Ôüáerror_concordancia
laabe bioa'lu,0,laabe,bioa,lu,1,3sg,Ôüáerror_concordancia
laanu bioa'du,0,laanu,bioa,du,1,1pl_incl,Ôüáerror_concordancia
laadu bioa'nu,0,laadu,bioa,nu,1,1pl_exc,Ôüáerror_concordancia
laatu bioa,0,laatu,bioa,ZERO,0,2pl,Ôüáerror_concordancia
naa bisenda'lu,0,naa,bisenda,lu,1,1sg,Ôüáerror_concordancia
lii bisenda,0,lii,bisenda,ZERO,0,2sg,Ôüáerror_concordancia
laabe bisenda'lu,0,laabe,bisenda,lu,1,3sg,Ôüáerror_concordancia
laanu bisenda'du,0,laanu,bisenda,du,1,1pl_incl,Ôüáerror_concordancia
laadu bisenda'nu,0,laadu,bisenda,nu,1,1pl_exc,Ôüáerror_concordancia
laatu bisenda,0,laatu,bisenda,ZERO,0,2pl,Ôüáerror_concordancia
naa bic├ía'lu,0,naa,bic├ía,lu,1,1sg,Ôüáerror_concordancia
lii bicaa,0,lii,bicaa,ZERO,0,2sg,Ôüáerror_concordancia
laabe bicaa'lu,0,laabe,bicaa,lu,1,3sg,Ôüáerror_concordancia
laanu bicaa'du,0,laanu,bicaa,du,1,1pl_incl,Ôüáerror_concordancia
laadu bicaa'nu,0,laadu,bicaa,nu,1,1pl_exc,Ôüáerror_concordancia
laatu bicaa,0,laatu,bicaa,ZERO,0,2pl,Ôüáerror_concordancia
naa biina'lu,0,naa,biina,lu,1,1sg,Ôüáerror_concordancia
lii biina,0,lii,biina,ZERO,0,2sg,Ôüáerror_concordancia
laabe biina'lu,0,laabe,biina,lu,1,3sg,Ôüáerror_concordancia
laanu biina'du,0,laanu,biina,du,1,1pl_incl,Ôüáerror_concordancia
laadu biina'nu,0,laadu,biina,nu,1,1pl_exc,Ôüáerror_concordancia
laatu biina,0,laatu,biina,ZERO,0,2pl,Ôüáerror_concordancia
naa guleeza'lu,0,naa,guleeza,lu,1,1sg,Ôüáerror_concordancia
lii guleeza,0,lii,guleeza,ZERO,0,2sg,Ôüáerror_concordancia
laabe guleeza'lu,0,laabe,guleeza,lu,1,3sg,Ôüáerror_concordancia
laanu guleeza'du,0,laanu,guleeza,du,1,1pl_incl,Ôüáerror_concordancia
laadu guleeza'nu,0,laadu,guleeza,nu,1,1pl_exc,Ôüáerror_concordancia
laatu guleeza,0,laatu,guleeza,ZERO,0,2pl,Ôüáerror_concordancia
naa biziide'lu,0,naa,biziide,lu,1,1sg,Ôüáerror_concordancia
lii biziidi,0,lii,biziidi,ZERO,0,2sg,Ôüáerror_concordancia
laabe biziidi'lu,0,laabe,biziidi,lu,1,3sg,Ôüáerror_concordancia
laanu biziidi'du,0,laanu,biziidi,du,1,1pl_incl,Ôüáerror_concordancia
laadu biziidi'nu,0,laadu,biziidi,nu,1,1pl_exc,Ôüáerror_concordancia
laatu biziidi,0,laatu,biziidi,ZERO,0,2pl,Ôüáerror_concordancia
naa guni├í'lu,0,naa,guni├í,lu,1,1sg,Ôüáerror_concordancia
lii guni,0,lii,guni,ZERO,0,2sg,Ôüáerror_concordancia
laabe guni'lu,0,laabe,guni,lu,1,3sg,Ôüáerror_concordancia
laanu guni'du,0,laanu,guni,du,1,1pl_incl,Ôüáerror_concordancia
laadu guni'nu,0,laadu,guni,nu,1,1pl_exc,Ôüáerror_concordancia
laatu guni,0,laatu,guni,ZERO,0,2pl,Ôüáerror_concordancia
naa bine'lu,0,naa,bine,lu,1,1sg,Ôüáerror_concordancia
lii bini,0,lii,bini,ZERO,0,2sg,Ôüáerror_concordancia
laabe bini'lu,0,laabe,bini,lu,1,3sg,Ôüáerror_concordancia
laanu bini'du,0,laanu,bini,du,1,1pl_incl,Ôüáerror_concordancia
laadu bini'nu,0,laadu,bini,nu,1,1pl_exc,Ôüáerror_concordancia
laatu bini,0,laatu,bini,ZERO,0,2pl,Ôüáerror_concordancia
naa guy├í'lu,0,naa,guy├í,lu,1,1sg,Ôüáerror_concordancia
lii guye,0,lii,guye,ZERO,0,2sg,Ôüáerror_concordancia
laabe guye'lu,0,laabe,guye,lu,1,3sg,Ôüáerror_concordancia
laanu guye'du,0,laanu,guye,du,1,1pl_incl,Ôüáerror_concordancia
laadu guye'nu,0,laadu,guye,nu,1,1pl_exc,Ôüáerror_concordancia
laatu guye,0,laatu,guye,ZERO,0,2pl,Ôüáerror_concordancia
naa gudxite'lu,0,naa,gudxite,lu,1,1sg,Ôüáerror_concordancia
lii gudxite,0,lii,gudxite,ZERO,0,2sg,Ôüáerror_concordancia
laabe gudxite'lu,0,laabe,gudxite,lu,1,3sg,Ôüáerror_concordancia
laanu gudxite'du,0,laanu,gudxite,du,1,1pl_incl,Ôüáerror_concordancia
laadu gudxite'nu,0,laadu,gudxite,nu,1,1pl_exc,Ôüáerror_concordancia
laatu gudxite,0,laatu,gudxite,ZERO,0,2pl,Ôüáerror_concordancia
naa binda'lu,0,naa,binda,lu,1,1sg,Ôüáerror_concordancia
lii binda,0,lii,binda,ZERO,0,2sg,Ôüáerror_concordancia
laabe binda'lu,0,laabe,binda,lu,1,3sg,Ôüáerror_concordancia
laanu binda'du,0,laanu,binda,du,1,1pl_incl,Ôüáerror_concordancia
laadu binda'nu,0,laadu,binda,nu,1,1pl_exc,Ôüáerror_concordancia
laatu binda,0,laatu,binda,ZERO,0,2pl,Ôüáerror_concordancia
naa bisiaya'lu,0,naa,bisiaya,lu,1,1sg,Ôüáerror_concordancia
lii bisia,0,lii,bisia,ZERO,0,2sg,Ôüáerror_concordancia
laabe bisia'lu,0,laabe,bisia,lu,1,3sg,Ôüáerror_concordancia
laanu bisia'du,0,laanu,bisia,du,1,1pl_incl,Ôüáerror_concordancia
laadu bisia'nu,0,laadu,bisia,nu,1,1pl_exc,Ôüáerror_concordancia
laatu bisia,0,laatu,bisia,ZERO,0,2pl,Ôüáerror_concordancia
naa yendaaya'lu,0,naa,yendaaya,lu,1,1sg,Ôüáerror_concordancia
lii yendaa,0,lii,yendaa,ZERO,0,2sg,Ôüáerror_concordancia
laabe yendaa'lu,0,laabe,yendaa,lu,1,3sg,Ôüáerror_concordancia
laanu yendaa'du,0,laanu,yendaa,du,1,1pl_incl,Ôüáerror_concordancia
laadu yendao'nu,0,laadu,yendao,nu,1,1pl_exc,Ôüáerror_concordancia
laatu yendao,0,laatu,yendao,ZERO,0,2pl,Ôüáerror_concordancia
naa yene├í'lu,0,naa,yene├í,lu,1,1sg,Ôüáerror_concordancia
lii yene,0,lii,yene,ZERO,0,2sg,Ôüáerror_concordancia
laabe yene'lu,0,laabe,yene,lu,1,3sg,Ôüáerror_concordancia
laanu yune'du,0,laanu,yune,du,1,1pl_incl,Ôüáerror_concordancia
laadu yune'nu,0,laadu,yune,nu,1,1pl_exc,Ôüáerror_concordancia
laatu yune,0,laatu,yune,ZERO,0,2pl,Ôüáerror_concordancia
naa bisaaya'lu,0,naa,bisaaya,lu,1,1sg,Ôüáerror_concordancia
lii bisaa,0,lii,bisaa,ZERO,0,2sg,Ôüáerror_concordancia
laabe bisaa'lu,0,laabe,bisaa,lu,1,3sg,Ôüáerror_concordancia
laanu bisaa'du,0,laanu,bisaa,du,1,1pl_incl,Ôüáerror_concordancia
laadu bisaa'nu,0,laadu,bisaa,nu,1,1pl_exc,Ôüáerror_concordancia
laatu bisaa,0,laatu,bisaa,ZERO,0,2pl,Ôüáerror_concordancia
naa biyadxi├í'lu,0,naa,biyadxi├í,lu,1,1sg,Ôüáerror_concordancia
lii biyadxi,0,lii,biyadxi,ZERO,0,2sg,Ôüáerror_concordancia
laabe biyadxi'lu,0,laabe,biyadxi,lu,1,3sg,Ôüáerror_concordancia
laanu biyadxi'du,0,laanu,biyadxi,du,1,1pl_incl,Ôüáerror_concordancia
laadu biyadxi'nu,0,laadu,biyadxi,nu,1,1pl_exc,Ôüáerror_concordancia
laatu biyadxi,0,laatu,biyadxi,ZERO,0,2pl,Ôüáerror_concordancia
naa bixoba'lu,0,naa,bixoba,lu,1,1sg,Ôüáerror_concordancia
lii bixoba,0,lii,bixoba,ZERO,0,2sg,Ôüáerror_concordancia
laabe bixoba'lu,0,laabe,bixoba,lu,1,3sg,Ôüáerror_concordancia
laanu bixoba'du,0,laanu,bixoba,du,1,1pl_incl,Ôüáerror_concordancia
laadu bixoba'nu,0,laadu,bixoba,nu,1,1pl_exc,Ôüáerror_concordancia
laatu bixoba,0,laatu,bixoba,ZERO,0,2pl,Ôüáerror_concordancia
naa bisianda'lu,0,naa,bisianda,lu,1,1sg,Ôüáerror_concordancia
lii bisianda,0,lii,bisianda,ZERO,0,2sg,Ôüáerror_concordancia
laabe bisianda'lu,0,laabe,bisianda,lu,1,3sg,Ôüáerror_concordancia
laanu bisianda'du,0,laanu,bisianda,du,1,1pl_incl,Ôüáerror_concordancia
laadu bisianda'nu,0,laadu,bisianda,nu,1,1pl_exc,Ôüáerror_concordancia
laatu bisianda,0,laatu,bisianda,ZERO,0,2pl,Ôüáerror_concordancia
naa bisugaa'lu,0,naa,bisugaa,lu,1,1sg,Ôüáerror_concordancia
lii bisugaa,0,lii,bisugaa,ZERO,0,2sg,Ôüáerror_concordancia
laabe bisugaa'lu,0,laabe,bisugaa,lu,1,3sg,Ôüáerror_concordancia
laanu bisugaa'du,0,laanu,bisugaa,du,1,1pl_incl,Ôüáerror_concordancia
laadu bisugaa'nu,0,laadu,bisugaa,nu,1,1pl_exc,Ôüáerror_concordancia
laatu bisugaa,0,laatu,bisugaa,ZERO,0,2pl,Ôüáerror_concordancia
naa gudiide'lu,0,naa,gudiide,lu,1,1sg,Ôüáerror_concordancia
lii gudiidi,0,lii,gudiidi,ZERO,0,2sg,Ôüáerror_concordancia
laabe gudiidi'lu,0,laabe,gudiidi,lu,1,3sg,Ôüáerror_concordancia
laanu gudiidi'du,0,laanu,gudiidi,du,1,1pl_incl,Ôüáerror_concordancia
laadu gudiidi'nu,0,laadu,gudiidi,nu,1,1pl_exc,Ôüáerror_concordancia
laatu gudiidi,0,laatu,gudiidi,ZERO,0,2pl,Ôüáerror_concordancia
naa gunaba'lu,0,naa,gunaba,lu,1,1sg,Ôüáerror_concordancia
lii gunaba,0,lii,gunaba,ZERO,0,2sg,Ôüáerror_concordancia
laabe gunaba'lu,0,laabe,gunaba,lu,1,3sg,Ôüáerror_concordancia
laanu gunaba'du,0,laanu,gunaba,du,1,1pl_incl,Ôüáerror_concordancia
laadu gunaba'nu,0,laadu,gunaba,nu,1,1pl_exc,Ôüáerror_concordancia
laatu gunaba,0,laatu,gunaba,ZERO,0,2pl,Ôüáerror_concordancia
naa bic├í'lu,0,naa,bic├í,lu,1,1sg,Ôüáerror_concordancia
lii bica,0,lii,bica,ZERO,0,2sg,Ôüáerror_concordancia
laabe bica'lu,0,laabe,bica,lu,1,3sg,Ôüáerror_concordancia
laanu bica'du,0,laanu,bica,du,1,1pl_incl,Ôüáerror_concordancia
laadu bica'nu,0,laadu,bica,nu,1,1pl_exc,Ôüáerror_concordancia
laatu bica,0,laatu,bica,ZERO,0,2pl,Ôüáerror_concordancia
naa guni ique'lu,0,naa,guni ique,lu,1,1sg,Ôüáerror_concordancia
lii guni ique,0,lii,guni ique,ZERO,0,2sg,Ôüáerror_concordancia
laabe guni ique'lu,0,laabe,guni ique,lu,1,3sg,Ôüáerror_concordancia
laanu guni ique'du,0,laanu,guni ique,du,1,1pl_incl,Ôüáerror_concordancia
laadu guni ique'nu,0,laadu,guni ique,nu,1,1pl_exc,Ôüáerror_concordancia
laatu guni ique,0,laatu,guni ique,ZERO,0,2pl,Ôüáerror_concordancia
naa biui diidxa'lu,0,naa,biui diidxa,lu,1,1sg,Ôüáerror_concordancia
lii biui diidxa,0,lii,biui diidxa,ZERO,0,2sg,Ôüáerror_concordancia
laabe biui'lu diidxa,0,laabe,biui diidxa,lu,1,3sg,Ôüáerror_concordancia
laanu biui'du diidxa,0,laanu,biui diidxa,du,1,1pl_incl,Ôüáerror_concordancia
laadu biui'nu diidxa,0,laadu,biui diidxa,nu,1,1pl_exc,Ôüáerror_concordancia
laatu biui diidxa,0,laatu,biui diidxa,ZERO,0,2pl,Ôüáerror_concordancia
naa gudxhe'lu,0,naa,gudxhe,lu,1,1sg,Ôüáerror_concordancia
lii gudxhe,0,lii,gudxhe,ZERO,0,2sg,Ôüáerror_concordancia
laabe gudxhe'lu,0,laabe,gudxhe,lu,1,3sg,Ôüáerror_concordancia
laanu gudxhe'du,0,laanu,gudxhe,du,1,1pl_incl,Ôüáerror_concordancia
laadu gudxhe'nu,0,laadu,gudxhe,nu,1,1pl_exc,Ôüáerror_concordancia
laatu gudxhe,0,laatu,gudxhe,ZERO,0,2pl,Ôüáerror_concordancia
naa biti├▒e'lu,0,naa,biti├▒e,lu,1,1sg,Ôüáerror_concordancia
lii biti├▒e,0,lii,biti├▒e,ZERO,0,2sg,Ôüáerror_concordancia
laabe bitine'lu,0,laabe,bitine,lu,1,3sg,Ôüáerror_concordancia
laanu bitine'du,0,laanu,bitine,du,1,1pl_incl,Ôüáerror_concordancia
laadu bitine'nu,0,laadu,bitine,nu,1,1pl_exc,Ôüáerror_concordancia
laatu bitine,0,laatu,bitine,ZERO,0,2pl,Ôüáerror_concordancia
naa gunna'lu,0,naa,gunna,lu,1,1sg,Ôüáerror_concordancia
lii gunna,0,lii,gunna,ZERO,0,2sg,Ôüáerror_concordancia
laabe gunna'lu,0,laabe,gunna,lu,1,3sg,Ôüáerror_concordancia
laanu gunna'du,0,laanu,gunna,du,1,1pl_incl,Ôüáerror_concordancia
laadu gunna'nu,0,laadu,gunna,nu,1,1pl_exc,Ôüáerror_concordancia
laatu gunna,0,laatu,gunna,ZERO,0,2pl,Ôüáerror_concordancia
naa bire├í'lu,0,naa,bire├í,lu,1,1sg,Ôüáerror_concordancia
lii bire,0,lii,bire,ZERO,0,2sg,Ôüáerror_concordancia
laabe bire'lu,0,laabe,bire,lu,1,3sg,Ôüáerror_concordancia
laanu bire'du,0,laanu,bire,du,1,1pl_incl,Ôüáerror_concordancia
laadu bire'nu,0,laadu,bire,nu,1,1pl_exc,Ôüáerror_concordancia
laatu bire,0,laatu,bire,ZERO,0,2pl,Ôüáerror_concordancia
naa guri├í'lu,0,naa,guri├í,lu,1,1sg,Ôüáerror_concordancia
lii guri,0,lii,guri,ZERO,0,2sg,Ôüáerror_concordancia
laabe guri'lu,0,laabe,guri,lu,1,3sg,Ôüáerror_concordancia
laanu guri'du,0,laanu,guri,du,1,1pl_incl,Ôüáerror_concordancia
laadu guri'nu,0,laadu,guri,nu,1,1pl_exc,Ôüáerror_concordancia
laatu guri,0,laatu,guri,ZERO,0,2pl,Ôüáerror_concordancia
naa guy├í'lu,0,naa,guy├í,lu,1,1sg,Ôüáerror_concordancia
lii guy├í,0,lii,guy├í,ZERO,0,2sg,Ôüáerror_concordancia
laabe guye'lu,0,laabe,guye,lu,1,3sg,Ôüáerror_concordancia
laanu guye'du,0,laanu,guye,du,1,1pl_incl,Ôüáerror_concordancia
laadu guye'nu,0,laadu,guye,nu,1,1pl_exc,Ôüáerror_concordancia
laatu guca,0,laatu,guca,ZERO,0,2pl,Ôüáerror_concordancia
naa gudxiba'lu,0,naa,gudxiba,lu,1,1sg,Ôüáerror_concordancia
lii gudxiba,0,lii,gudxiba,ZERO,0,2sg,Ôüáerror_concordancia
laabe gudxiba'lu,0,laabe,gudxiba,lu,1,3sg,Ôüáerror_concordancia
laanu gudxiba'du,0,laanu,gudxiba,du,1,1pl_incl,Ôüáerror_concordancia
laadu gudxiba'nu,0,laadu,gudxiba,nu,1,1pl_exc,Ôüáerror_concordancia
laatu gudxiba,0,laatu,gudxiba,ZERO,0,2pl,Ôüáerror_concordancia
naa gupa'lu,0,naa,gupa,lu,1,1sg,Ôüáerror_concordancia
lii gupa,0,lii,gupa,ZERO,0,2sg,Ôüáerror_concordancia
laabe gupa'lu,0,laabe,gupa,lu,1,3sg,Ôüáerror_concordancia
laanu gupa'du,0,laanu,gupa,du,1,1pl_incl,Ôüáerror_concordancia
laadu gupa'nu,0,laadu,gupa,nu,1,1pl_exc,Ôüáerror_concordancia
laatu gupa,0,laatu,gupa,ZERO,0,2pl,Ôüáerror_concordancia
naa hue├í'lu,0,naa,hue├í,lu,1,1sg,Ôüáerror_concordancia
lii hue,0,lii,hue,ZERO,0,2sg,Ôüáerror_concordancia
laabe hue'lu,0,laabe,hue,lu,1,3sg,Ôüáerror_concordancia
laanu hue'du,0,laanu,hue,du,1,1pl_incl,Ôüáerror_concordancia
laadu hue'nu,0,laadu,hue,nu,1,1pl_exc,Ôüáerror_concordancia
laatu hue,0,laatu,hue,ZERO,0,2pl,Ôüáerror_concordancia
naa bine dxii├▒a'lu,0,naa,bine dxii├▒a,lu,1,1sg,Ôüáerror_concordancia
lii bini dxii├▒a,0,lii,bini dxii├▒a,ZERO,0,2sg,Ôüáerror_concordancia
laabe bini dxii├▒a'lu,0,laabe,bini dxii├▒a,lu,1,3sg,Ôüáerror_concordancia
laanu bini dxii├▒a'du,0,laanu,bini dxii├▒a,du,1,1pl_incl,Ôüáerror_concordancia
laadu bini dxii├▒a'nu,0,laadu,bini dxii├▒a,nu,1,1pl_exc,Ôüáerror_concordancia
laatu bini dxii├▒a,0,laatu,bini dxii├▒a,ZERO,0,2pl,Ôüáerror_concordancia
naa bedane├í'lu,0,naa,bedane├í,lu,1,1sg,Ôüáerror_concordancia
lii bendane,0,lii,bendane,ZERO,0,2sg,Ôüáerror_concordancia
laabe bendane'lu,0,laabe,bendane,lu,1,3sg,Ôüáerror_concordancia
laanu bendane'du,0,laanu,bendane,du,1,1pl_incl,Ôüáerror_concordancia
laadu bendane'nu,0,laadu,bendane,nu,1,1pl_exc,Ôüáerror_concordancia
laatu bendane,0,laatu,bendane,ZERO,0,2pl,Ôüáerror_concordancia
naa biqui├▒e'lu,0,naa,biqui├▒e,lu,1,1sg,Ôüáerror_concordancia
lii biquine,0,lii,biquine,ZERO,0,2sg,Ôüáerror_concordancia
laabe biquine'lu,0,laabe,biquine,lu,1,3sg,Ôüáerror_concordancia
laanu biquine'du,0,laanu,biquine,du,1,1pl_incl,Ôüáerror_concordancia
laadu biquine'nu,0,laadu,biquine,nu,1,1pl_exc,Ôüáerror_concordancia
laatu biquine,0,laatu,biquine,ZERO,0,2pl,Ôüáerror_concordancia
naa bi├í'lu,0,naa,bi├í,lu,1,1sg,Ôüáerror_concordancia
lii bia,0,lii,bia,ZERO,0,2sg,Ôüáerror_concordancia
laabe bi├í'lu,0,laabe,bi├í,lu,1,3sg,Ôüáerror_concordancia
laanu bid├║ya'du,0,laanu,bid├║ya,du,1,1pl_incl,Ôüáerror_concordancia
laadu bid├║ya'nu,0,laadu,bid├║ya,nu,1,1pl_exc,Ôüáerror_concordancia
laatu bid├║ya,0,laatu,bid├║ya,ZERO,0,2pl,Ôüáerror_concordancia
naa yeganna'lu,0,naa,yeganna,lu,1,1sg,Ôüáerror_concordancia
lii yeganna,0,lii,yeganna,ZERO,0,2sg,Ôüáerror_concordancia
laabe yeganna'lu,0,laabe,yeganna,lu,1,3sg,Ôüáerror_concordancia
laanu yeganna'du,0,laanu,yeganna,du,1,1pl_incl,Ôüáerror_concordancia
laadu yeganna'nu,0,laadu,yeganna,nu,1,1pl_exc,Ôüáerror_concordancia
laatu yeganna,0,laatu,yeganna,ZERO,0,2pl,Ôüáerror_concordancia
naa guleza'lu,0,naa,guleza,lu,1,1sg,Ôüáerror_concordancia
lii guleza,0,lii,guleza,ZERO,0,2sg,Ôüáerror_concordancia
laabe guleza'lu,0,laabe,guleza,lu,1,3sg,Ôüáerror_concordancia
laanu guleza'du,0,laanu,guleza,du,1,1pl_incl,Ôüáerror_concordancia
laadu guleza'nu,0,laadu,guleza,nu,1,1pl_exc,Ôüáerror_concordancia
laatu guleza,0,laatu,guleza,ZERO,0,2pl,Ôüáerror_concordancia
naa guleza'lu,0,naa,guleza,lu,1,1sg,Ôüáerror_concordancia
lii guleza,0,lii,guleza,ZERO,0,2sg,Ôüáerror_concordancia
laabe guleza'lu,0,laabe,guleza,lu,1,3sg,Ôüáerror_concordancia
laanu guleza'du,0,laanu,guleza,du,1,1pl_incl,Ôüáerror_concordancia
laadu guleza'nu,0,laadu,guleza,nu,1,1pl_exc,Ôüáerror_concordancia
laatu guleza,0,laatu,guleza,ZERO,0,2pl,Ôüáerror_concordancia
